MeSH Term,Count
Animals,884
Larva,694
Diptera,651
Animal Feed,319
Simuliidae,224
Diet,210
Chickens,128
Male,119
Female,117
Manure,92
Animal Nutritional Physiological Phenomena,82
Gastrointestinal Microbiome,81
Humans,77
Bacteria,64
Fatty Acids,64
Refuse Disposal,60
Insect Proteins,58
Swine,52
Composting,50
Waste Management,46
Anti-Bacterial Agents,46
Pupa,44
Microbiota,43
Food,42
Digestion,39
Fertilizers,37
Dietary Supplements,37
Biomass,36
Random Allocation,36
Insecta,36
Soil,35
Glycine max,33
Amino Acids,33
"Biodegradation, Environmental",33
Meat,31
Antioxidants,31
Nitrogen,31
Nutrients,30
Lipids,28
"Metals, Heavy",28
Cattle,27
Dietary Proteins,25
Phylogeny,25
"RNA, Ribosomal, 16S",23
Chitin,23
Solid Waste,23
Ovum,23
Nutritive Value,23
Aquaculture,22
Sewage,22
Tenebrio,22
Chitosan,21
Agriculture,20
Fermentation,20
Hydrogen-Ion Concentration,18
Fruit,18
Temperature,18
Animal Husbandry,18
Food Loss and Waste,17
Oviposition,17
Feeding Behavior,16
Edible Insects,16
Feces,16
Livestock,16
Reproduction,15
Waste Products,15
Biofuels,15
Vegetables,15
Intestines,15
Cadmium,15
Lipid Metabolism,14
Recycling,13
"Drug Resistance, Microbial",13
Fishes,12
Food Handling,12
"Dose-Response Relationship, Drug",12
Water,12
Escherichia coli,12
Biotransformation,12
"Spectroscopy, Fourier Transform Infrared",11
Carbon,11
Fish Diseases,11
Hot Temperature,10
Soil Microbiology,10
Gryllidae,10
Color,10
Microplastics,10
"Immunity, Innate",10
Transcriptome,10
Amino Acid Sequence,10
Zea mays,9
Greenhouse Gases,9
Peptides,9
Gastrointestinal Tract,9
Energy Metabolism,9
Antimicrobial Peptides,9
Hemolymph,9
Carbohydrates,9
China,9
Life Cycle Stages,9
Methane,9
Food Safety,9
Houseflies,9
Coleoptera,9
Arsenic,9
Body Weight,9
Entomology,9
Humic Substances,8
Minerals,8
Oxidative Stress,8
Volatile Organic Compounds,8
Body Composition,8
Saccharomyces cerevisiae,8
Ileum,8
"Behavior, Animal",8
"Genome, Insect",8
Genetic Variation,8
"Genes, Bacterial",8
Dogs,8
Charcoal,8
Industrial Waste,8
Plastics,8
Liver,8
Gene Expression Regulation,8
"Sexual Behavior, Animal",8
Meals,8
Cichlids,7
Phosphorus,7
Rats,7
Fungi,7
Breeding,7
Carbon Dioxide,7
Proteomics,7
Oncorhynchus mykiss,7
Microbial Sensitivity Tests,7
Postmortem Changes,7
Cats,7
Edible Grain,7
"Fatty Acids, Unsaturated",7
Proteins,7
Staphylococcus aureus,7
Time Factors,7
Biodiversity,6
"Water Pollutants, Chemical",6
Penaeidae,6
Poultry,6
Tandem Mass Spectrometry,6
Tetracycline,6
Mycotoxins,6
Food Contamination,6
Indonesia,6
Ammonia,6
Environmental Pollutants,6
Allergens,6
Cecum,6
Calliphoridae,6
Mice,6
Agaricales,6
Adsorption,6
Hydrolysis,6
Weight Gain,6
Disease Resistance,6
Defensins,6
Lauric Acids,6
Wastewater,6
Ecosystem,6
Immunity,6
Zebrafish,6
Light,6
"Chromatography, Liquid",5
Powders,5
Longevity,5
"Spectroscopy, Near-Infrared",5
Salmonella,5
Bacillus,5
Metagenomics,5
Gene Expression,5
Adult,5
Cross Reactions,5
Food Hypersensitivity,5
Proteome,5
Grasshoppers,5
"Pest Control, Biological",5
"Microscopy, Electron, Scanning",5
Rumen,5
Anti-Infective Agents,5
Cellulose,5
Cold Temperature,5
CRISPR-Cas Systems,5
Galliformes,5
Metabolomics,5
Quail,5
Aflatoxin B1,5
Kinetics,5
Animal Welfare,5
"Fatty Acids, Omega-3",5
Bacillus subtilis,5
Antimicrobial Cationic Peptides,5
Phenotype,5
Chemical Phenomena,5
Pesticides,5
Bass,5
Chitinases,5
Life History Traits,5
Methionine,5
Sequence Alignment,5
Salmo salar,5
Molecular Sequence Data,5
"Crops, Agricultural",4
Biomarkers,4
Solanum lycopersicum,4
Spirulina,4
Food Microbiology,4
Biological Availability,4
Taste,4
Cooking,4
"Rats, Wistar",4
Dietary Carbohydrates,4
Coturnix,4
Gram-Negative Bacteria,4
"Cell Line, Tumor",4
Hydrogen Peroxide,4
Nanoparticles,4
Immunoglobulin E,4
Dietary Fats,4
Genomics,4
Metabolome,4
Monophenol Monooxygenase,4
Molecular Docking Simulation,4
Plant Diseases,4
Odorants,4
Lignin,4
Anaerobiosis,4
Particle Size,4
Soil Pollutants,4
Antifungal Agents,4
Gene Editing,4
Protein Hydrolysates,4
Food Packaging,4
Oils,4
Cytokines,4
Plant Oils,4
Soybean Oil,4
Lead,4
Sea Bream,4
Chromium,4
Bioaccumulation,4
Antineoplastic Agents,4
Eating,4
Food Chain,4
"Animals, Genetically Modified",4
Coffee,4
Muramidase,4
Skin,4
Sus scrofa,4
Starch,4
Seaweed,4
Sterols,4
Solubility,4
Cocos,4
"RNA, Messenger",4
Drosophila melanogaster,4
Moths,4
Conservation of Natural Resources,4
Flour,4
Vitamin A,4
Incidence,4
Freezing,4
"Metamorphosis, Biological",3
Tephritidae,3
Fat Body,3
Vitamins,3
Hemolysin Proteins,3
Bacterial Proteins,3
European Union,3
Zinc,3
Poultry Products,3
Phosphates,3
Molecular Weight,3
Bombyx,3
Cell Proliferation,3
Phagocytosis,3
Limit of Detection,3
Gram-Positive Bacteria,3
"Polymorphism, Single Nucleotide",3
Whole Genome Sequencing,3
"Chromatography, High Pressure Liquid",3
Mass Spectrometry,3
Weaning,3
Arthropod Antennae,3
"Genome, Mitochondrial",3
Polyesters,3
Antibiosis,3
Green Chemistry Technology,3
Solvents,3
RNA-Seq,3
Domestication,3
"Selection, Genetic",3
Oligosaccharides,3
Lipid Peroxidation,3
Olea,3
Tropomyosin,3
Middle Aged,3
Mites,3
Tea,3
Proteolysis,3
Peptide Hydrolases,3
Environment,3
"Muscle, Skeletal",3
Metagenome,3
"Waste Disposal, Fluid",3
Beauveria,3
Palm Oil,3
Apoptosis,3
Corticosterone,3
Macrophages,3
Signal Transduction,3
Fats,3
Organ Size,3
Hydrophobic and Hydrophilic Interactions,3
Digestive System,3
Head,3
Forensic Entomology,3
Seasons,3
Poultry Diseases,3
Pseudomonas,3
Muscidae,3
Drug Compounding,3
Selenium,3
Inflammation,3
Biological Control Agents,3
Probiotics,3
Biodegradable Plastics,3
Oxytetracycline,3
Mycobiome,3
"Housing, Animal",3
Hemocytes,3
Emulsions,3
Biofilms,3
Klebsiella pneumoniae,3
Perciformes,3
Acetylation,3
"Genes, Insect",3
Bioreactors,3
Italy,3
Lactobacillus,3
Eggs,3
Aeromonas,3
Drosophila,3
Lipopolysaccharides,3
Aedes,3
Pyrethrins,3
Insecticides,3
Calcium,3
Dog Diseases,3
Environmental Monitoring,3
Biological Products,3
Mouth,3
Oxidation-Reduction,3
"Amino Acids, Essential",3
Seafood,3
Melanins,3
"Models, Biological",3
"DNA, Bacterial",3
Endosperm,3
Species Specificity,3
Greenhouse Effect,3
"DNA, Ribosomal",3
Garbage,3
Biotechnology,3
Aged,3
Analysis of Variance,3
Forensic Medicine,3
Crop Production,2
Osteoprotegerin,2
Guinea Pigs,2
RANK Ligand,2
Dentin,2
Microwaves,2
Animal Shells,2
Biopolymers,2
Crustacea,2
Iron,2
"Food, Fortified",2
Plant Development,2
"Disease Models, Animal",2
Insect Viruses,2
Haplotypes,2
Sensilla,2
Cell Survival,2
Culture Media,2
Lactobacillales,2
Saccharum,2
Recombinant Proteins,2
Arginine Kinase,2
Catfishes,2
Bacillus amyloliquefaciens,2
Gamma Rays,2
Sarcophagidae,2
Ointments,2
Multigene Family,2
Smell,2
Plant Extracts,2
Food Preservation,2
Nigeria,2
Olive Oil,2
Waste Disposal Facilities,2
Polyethylene,2
Herbivory,2
Plant Proteins,2
Ictaluridae,2
"RNA, Transfer",2
Oligochaeta,2
Ruminants,2
Candida tropicalis,2
Turkeys,2
Musa,2
Tensile Strength,2
Trypsin,2
Desiccation,2
"Colony Count, Microbial",2
NF-kappa B,2
THP-1 Cells,2
Selective Breeding,2
Body Size,2
"Oils, Volatile",2
Ducks,2
Air Pollutants,2
"Models, Animal",2
Milk,2
"Diet, Protein-Restricted",2
Adipose Tissue,2
"Drug Resistance, Bacterial",2
Micrococcus,2
Coccidiostats,2
RAW 264.7 Cells,2
Anti-Inflammatory Agents,2
Caco-2 Cells,2
Machine Learning,2
Spermatozoa,2
Tetracycline Resistance,2
Nanofibers,2
Africa,2
Thailand,2
Enzyme Stability,2
"Animals, Newborn",2
Feasibility Studies,2
Least-Squares Analysis,2
Dietary Fiber,2
Chemometrics,2
Seeds,2
"Fatty Acids, Volatile",2
"Electrophoresis, Polyacrylamide Gel",2
Gene Expression Profiling,2
Invertebrates,2
Energy Intake,2
Inbreeding,2
Salmonella enteritidis,2
Symbiosis,2
NF-E2-Related Factor 2,2
"Intestine, Small",2
X-Ray Diffraction,2
Host-Pathogen Interactions,2
Horses,2
"Wings, Animal",2
Pigmentation,2
Iran,2
Saccharomycetales,2
Mitochondria,2
Risk Assessment,2
Cell Line,2
Veterinary Drugs,2
Texas,2
Albumins,2
Lecithins,2
Phospholipids,2
Pichia,2
Computational Biology,2
Food Industry,2
Vitamin E,2
Superoxide Dismutase,2
Bees,2
Wasps,2
Cell Count,2
Tylosin,2
Polyphenols,2
Purines,2
Catalase,2
Decanoic Acids,2
Pseudomonas aeruginosa,2
Cat Diseases,2
Lysine,2
Tryptophan,2
Glutens,2
Gas Chromatography-Mass Spectrometry,2
Provitamins,2
beta Carotene,2
"Genes, rRNA",2
Dissolved Organic Matter,2
Racemethionine,2
Methicillin-Resistant Staphylococcus aureus,2
Cyanobacteria,2
Sulfonamides,2
Colloids,2
Astacoidea,2
Glucose,2
Oryza,2
Intestinal Mucosa,2
Consumer Behavior,2
Metallothionein,2
Copper,2
Egg Yolk,2
"Calcium, Dietary",2
Decapodiformes,2
Animal Nutrition Sciences,2
Microalgae,2
Kenya,2
Vibrio Infections,2
Insect Control,2
Real-Time Polymerase Chain Reaction,2
Pore Forming Cytotoxic Proteins,2
Algorithms,2
United States,2
Reproducibility of Results,2
Hong Kong,2
Prunus dulcis,2
Staphylococcal Infections,2
Brazil,2
Tropical Climate,2
Fisheries,2
Australia,2
Survival Analysis,2
Food Analysis,2
"Fatty Acids, Monounsaturated",2
Biological Assay,2
Rhabditida,2
"Sequence Analysis, DNA",2
Glycerides,2
Nutritional Physiological Phenomena,2
Half-Life,2
Quality Control,2
Forensic Anthropology,2
Military Personnel,2
Madagascar,1
Sister Chromatid Exchange,1
Comet Assay,1
DNA Damage,1
Lymphocytes,1
Genomic Instability,1
Starvation,1
Bone Remodeling,1
Osteoblasts,1
Osteoclasts,1
Osteocalcin,1
Tomatine,1
Metabolic Networks and Pathways,1
Bacillus thuringiensis Toxins,1
Endotoxins,1
"Plants, Genetically Modified",1
Bacillus thuringiensis,1
Nickel,1
Mercury,1
Sucrose,1
"Receptors, Cell Surface",1
Caenorhabditis elegans,1
Meat Products,1
Rheology,1
Malnutrition,1
Oxygen Consumption,1
Viral Load,1
Virus Replication,1
Phoeniceae,1
Bread,1
Geese,1
Ontario,1
Biosensing Techniques,1
Palladium,1
Electrochemical Techniques,1
Genotype,1
Gene Frequency,1
Genotyping Techniques,1
Trichothecenes,1
Socioeconomic Factors,1
Family Characteristics,1
Bone Regeneration,1
Tooth Extraction,1
Alveolar Process,1
Tribolium,1
Multiomics,1
Microbial Consortia,1
Nitrification,1
Deep Eutectic Solvents,1
Polyurethanes,1
Japan,1
Genetic Drift,1
Cytoprotection,1
Suspensions,1
Liquid Crystals,1
Molasses,1
Bacteriocins,1
Ananas,1
Portugal,1
Young Adult,1
Nitrous Oxide,1
Predatory Behavior,1
Acaridae,1
Wound Healing,1
"Evolution, Molecular",1
Gene Duplication,1
DNA Transposable Elements,1
Abomasum,1
Gases,1
Muscles,1
Molecular Dynamics Simulation,1
Levodopa,1
Food Preservatives,1
Citrus sinensis,1
Araceae,1
Heat-Shock Response,1
Rhizosphere,1
Ralstonia solanacearum,1
Panicum,1
Silver,1
Metal Nanoparticles,1
Silver Compounds,1
Incineration,1
Nitrogen Cycle,1
Phenols,1
Plant Leaves,1
Spodoptera,1
"Gene Expression Regulation, Plant",1
Plant Defense Against Herbivory,1
Animal Communication,1
Edwardsiella ictaluri,1
Base Composition,1
High-Throughput Nucleotide Sequencing,1
Mediterranean Region,1
Colorectal Neoplasms,1
Carcinogenesis,1
Anticarcinogenic Agents,1
Diethylnitrosamine,1
"1,2-Dimethylhydrazine",1
Aberrant Crypt Foci,1
Fusarium,1
Flavobacteriaceae Infections,1
Flavobacterium,1
Anthocyanins,1
Cactaceae,1
Serratia marcescens,1
"Stress, Physiological",1
Papain,1
Zambia,1
Staphylococcus,1
beta-Lactamases,1
Freeze Drying,1
MCF-7 Cells,1
Food Storage,1
"Leukocytes, Mononuclear",1
PPAR gamma,1
Mutagenicity Tests,1
Mutagens,1
Rice Bran Oil,1
Garlic,1
Allyl Compounds,1
Sulfides,1
Raphanus,1
Molting,1
Ecdysterone,1
RNA Interference,1
Nanocomposites,1
Clay,1
Mechanical Phenomena,1
Adhesiveness,1
Avian Proteins,1
Lactation,1
Down-Regulation,1
Citric Acid Cycle,1
Selenic Acid,1
Groundwater,1
"Drug Screening Assays, Antitumor",1
Stomach Neoplasms,1
Adenocarcinoma,1
Proto-Oncogene Proteins c-bcl-2,1
Cell Cycle Checkpoints,1
Caspase 3,1
Poly (ADP-Ribose) Polymerase-1,1
Eimeria,1
Coccidiosis,1
Abattoirs,1
Animal Fur,1
Oral Health,1
Lactose,1
Gram-Negative Bacterial Infections,1
Mycelium,1
Antimutagenic Agents,1
Nitric Oxide,1
Streptococcal Infections,1
Streptococcus iniae,1
Aggression,1
Exploratory Behavior,1
Microcystins,1
Marine Toxins,1
Coal Ash,1
Copulation,1
Lavandula,1
Butterflies,1
Cesium Radioisotopes,1
Strontium Radioisotopes,1
Radiation Monitoring,1
"Soil Pollutants, Radioactive",1
Zein,1
beta-Lactams,1
Amoxicillin,1
Penicillins,1
beta Lactam Antibiotics,1
Asia,1
Mannosidases,1
Mannans,1
Substrate Specificity,1
beta-Mannosidase,1
Galactans,1
Plant Gums,1
Galactose,1
Sodium Selenite,1
"Parvovirus, Porcine",1
Humidity,1
Calibration,1
Mortierella,1
"Fatty Acids, Omega-6",1
Hyperspectral Imaging,1
Support Vector Machine,1
Fabaceae,1
Toxicokinetics,1
Germination,1
"Dermatitis, Atopic",1
Dexamethasone,1
Drug Liberation,1
Drug Carriers,1
Excipients,1
Keratinocytes,1
Glucocorticoids,1
"Administration, Cutaneous",1
Skin Absorption,1
Liposomes,1
Sulfamethazine,1
Hemolysis,1
Listeria monocytogenes,1
Amylases,1
Introduced Species,1
Phaeophyceae,1
Netherlands,1
"Models, Economic",1
Hep G2 Cells,1
Goats,1
Trace Elements,1
Enterococcus faecalis,1
Hormesis,1
Visual Perception,1
Discrimination Learning,1
Botrytis,1
Fragaria,1
Strongyloidea,1
Ribonucleases,1
Muscle Proteins,1
Myofibrils,1
Ultrasonic Waves,1
Sonication,1
Sex Characteristics,1
Esterification,1
Electron Transport Complex IV,1
Drug Delivery Systems,1
Virulence Factors,1
"Drug Resistance, Multiple, Bacterial",1
Virulence,1
Klebsiella Infections,1
Cell Membrane,1
Hypocreales,1
Fungal Proteins,1
Hexanes,1
Reactive Oxygen Species,1
"Membrane Potential, Mitochondrial",1
Skin Neoplasms,1
Melanoma,1
Cytochromes c,1
"Melanoma, Experimental",1
Thermotolerance,1
Vitis,1
Triticum,1
Cross-Over Studies,1
Skin Physiological Phenomena,1
Providencia,1
Salmon,1
Serine Proteases,1
Polyvinyl Chloride,1
Doxycycline,1
Deuterium Oxide,1
Magnetic Resonance Spectroscopy,1
Denmark,1
Lysinoalanine,1
Protein Refolding,1
Protein Unfolding,1
Anaphylaxis,1
Age Factors,1
Salmonella typhimurium,1
Candida,1
Pleurotus,1
Flammulina,1
Aeromonas hydrophila,1
Epitopes,1
Mammals,1
Food Ingredients,1
Columbidae,1
Plasticizers,1
Esters,1
Phthalic Acids,1
Cathepsin L,1
Peptones,1
Thigh,1
Heat Stress Disorders,1
Sodium Hydroxide,1
"RNA, Guide, CRISPR-Cas Systems",1
Mutation,1
Micrococcus luteus,1
Lactuca,1
Chlorophyll,1
Sodium,1
Genetic Fitness,1
Chlortetracycline,1
Norfloxacin,1
Sulfamethoxazole,1
Gentamicins,1
Pectins,1
Disulfides,1
Calcium Carbonate,1
"Microscopy, Electron, Transmission",1
Cyprinidae,1
Malondialdehyde,1
Sulfadiazine,1
DNA,1
Cellulases,1
Angiotensin Receptor Antagonists,1
Angiotensin-Converting Enzyme Inhibitors,1
Kelch-Like ECH-Associated Protein 1,1
Detergents,1
Sugars,1
Infertility,1
Eubacteriales,1
Tilapia,1
Prospective Studies,1
Piperonyl Butoxide,1
Organophosphates,1
Organothiophosphorus Compounds,1
"Outcome Assessment, Health Care",1
Orthobunyavirus,1
Bunyaviridae,1
Nairovirus,1
Environmental Pollution,1
Sex Factors,1
Fermented Foods,1
Plant Growth Regulators,1
Nerve Growth Factors,1
Colitis,1
Threonine,1
Stearic Acids,1
Phytosterols,1
Feathers,1
Fear,1
Gerbillinae,1
Transportation,1
Body Temperature Regulation,1
Cecropins,1
Food Markets,1
Methanol,1
Forests,1
Steam,1
Explosions,1
Polymers,1
Transposases,1
Talaromyces,1
Catechols,1
Glycerol,1
"Amino Acids, Sulfur",1
Nutritional Status,1
Biology,1
Tanzania,1
Preliminary Data,1
Caseins,1
Biological Evolution,1
Solanum tuberosum,1
Agar,1
Pakistan,1
Weather,1
Sulfanilamide,1
Docosahexaenoic Acids,1
Eicosapentaenoic Acid,1
Fish Oils,1
Immunoglobulins,1
Interleukin-6,1
Peroxidases,1
Toll-Like Receptor 2,1
Toll-Like Receptor 5,1
alpha-Linolenic Acid,1
Bacteroidetes,1
Brain,1
Viruses,1
Soy Foods,1
Urease,1
Extracellular Polymeric Substance Matrix,1
Trout,1
Vitamin B 6,1
Gels,1
Soybean Proteins,1
Fertility,1
Hydrogen,1
Malathion,1
MicroRNAs,1
Vibrio parahaemolyticus,1
Fresh Water,1
Adolescent,1
Child,1
"Child, Preschool",1
Drug Industry,1
Lincomycin,1
Perception,1
Aspergillus fumigatus,1
Candida albicans,1
Bone Development,1
Locomotion,1
Lower Extremity,1
Amino Acid Motifs,1
Arginine,1
Glutamic Acid,1
Proline,1
Enrofloxacin,1
"Flight, Animal",1
Duration of Therapy,1
Ciprofloxacin,1
"Food, Formulated",1
Bacterial Toxins,1
Clostridioides difficile,1
Coculture Techniques,1
Enterotoxins,1
Epithelial Cells,1
Immunomodulation,1
Intercellular Junctions,1
"Transcription, Genetic",1
"Drug Resistance, Multiple",1
Tissue Extracts,1
Health Status,1
Fish Proteins,1
HL-60 Cells,1
Protein Stability,1
CD8-Positive T-Lymphocytes,1
Coronavirus Infections,1
Infectious bronchitis virus,1
"Dietary Fats, Unsaturated",1
"Phosphorus, Dietary",1
India,1
Ceramics,1
Data Accuracy,1
Datasets as Topic,1
Demography,1
"Genetics, Population",1
Carotenoids,1
Myristic Acid,1
Complex Mixtures,1
Lipase,1
Monoglycerides,1
Arthropod Proteins,1
Euphausiacea,1
Food Preferences,1
Chromosomes,1
Genome,1
"Repetitive Sequences, Nucleic Acid",1
Enzyme-Linked Immunosorbent Assay,1
Mucus,1
Organ Specificity,1
Farmers,1
Vibrio alginolyticus,1
Metals,1
Cross-Linking Reagents,1
Enteritis,1
"Legislation, Food",1
Lactiplantibacillus plantarum,1
Organic Chemicals,1
"Biofeedback, Psychology",1
Manufacturing and Industrial Facilities,1
Technology,1
Streptococcus pneumoniae,1
Antiviral Agents,1
Microscopy,1
"Societies, Scientific",1
"Adaptation, Physiological",1
Gene Ontology,1
Intestinal Absorption,1
Gene Dosage,1
Armed Conflicts,1
Colombia,1
Host Microbial Interactions,1
Paint,1
Abdominal Fat,1
Blood Chemical Analysis,1
Coconut Oil,1
Corn Oil,1
Phylogeography,1
Cities,1
Lizards,1
Dual Oxidases,1
Homeostasis,1
Salmonella Infections,1
Toll-Like Receptor 3,1
Zoonoses,1
Polycyclic Aromatic Hydrocarbons,1
Parturition,1
Pregnancy,1
Peptide Mapping,1
Anserine,1
Carnosine,1
Creatine,1
Oligopeptides,1
Bromphenol Blue,1
Coloring Agents,1
Water Purification,1
"Adaptation, Biological",1
Molecular Structure,1
Thermogravimetry,1
Computer Simulation,1
Immunoglobulin G,1
Bioprospecting,1
Helicobacter pylori,1
Surface-Active Agents,1
Uganda,1
Vibrio,1
"Animals, Domestic",1
Acetates,1
Immunologic Factors,1
Monosaccharides,1
Polysaccharides,1
Toll-Like Receptors,1
Cytochrome P-450 Enzyme System,1
Oxidoreductases,1
Electron Spin Resonance Spectroscopy,1
Phenothiazines,1
"Genes, Essential",1
Reference Standards,1
Laboratory Animal Science,1
Mosquito Control,1
Axoneme,1
Sperm Tail,1
Biomechanical Phenomena,1
Movement,1
Aflatoxins,1
Flavonoids,1
Patents as Topic,1
Pets,1
Republic of Korea,1
Food Supply,1
Forecasting,1
Plant Breeding,1
Research,1
Argentina,1
Myiasis,1
Bacteriophages,1
Escherichia,1
"Genome, Viral",1
Lysogeny,1
Siphoviridae,1
"Image Processing, Computer-Assisted",1
Fish Products,1
Solid Phase Extraction,1
Head Kidney,1
Leukocytes,1
Poly I-C,1
Pepsin A,1
Parasites,1
"Parasitic Diseases, Animal",1
"Water Pollution, Chemical",1
Safety,1
Sex Ratio,1
Pheromones,1
Rhabditida Infections,1
Weevils,1
Cluster Analysis,1
Red Meat,1
Homicide,1
Global Warming,1
Maillard Reaction,1
"Antibodies, Viral",1
"Inactivation, Metabolic",1
Infectious pancreatic necrosis virus,1
Vaccination,1
"Membranes, Artificial",1
Biocompatible Materials,1
Fibroblasts,1
Polyhydroxyalkanoates,1
Belgium,1
Poaceae,1
Brassica rapa,1
Whey Proteins,1
Nutrition Assessment,1
Acetals,1
Flax,1
Rabbits,1
Cosmetics,1
Drug Stability,1
"Fatty Acids, Nonesterified",1
Viscosity,1
Cholecalciferol,1
Ergocalciferols,1
Ultraviolet Rays,1
Vitamin D,1
"Stress, Mechanical",1
Nuts,1
CD4-Positive T-Lymphocytes,1
Pre-Exposure Prophylaxis,1
"Salmonella Infections, Animal",1
Diapause,1
"Diapause, Insect",1
"Models, Chemical",1
Chemical Fractionation,1
Hydrolases,1
Environmental Biomarkers,1
Drug Resistance,1
Darkness,1
Photoperiod,1
Sunflower Oil,1
"DNA, Fungal",1
"RNA, Ribosomal",1
Rhodotorula,1
Trichosporon,1
Cholesterol,1
"Cloning, Molecular",1
HSP70 Heat-Shock Proteins,1
HSP90 Heat-Shock Proteins,1
Aflatoxin M1,1
Acclimatization,1
Magnetic Phenomena,1
Manganese,1
Life Tables,1
"Compound Eye, Arthropod",1
Lighting,1
"Photoreceptor Cells, Invertebrate",1
"Chromatography, Gas",1
Dicarboxylic Acids,1
Methylene Chloride,1
Pectoralis Muscles,1
Gene Transfer Techniques,1
Pharmaceutical Preparations,1
Sweden,1
"Models, Theoretical",1
Food Technology,1
Phlebotomus,1
Equipment Design,1
Respiratory System,1
Cellulase,1
Gene Library,1
London,1
Tropical Medicine,1
Universities,1
Bacterial Typing Techniques,1
Xanthomonadaceae,1
Bacterial Physiological Phenomena,1
Forensic Sciences,1
"Sequence Analysis, RNA",1
Sequence Homology,1
Diarrhea,1
Enterococcus,1
Nematoda,1
Biological Oxygen Demand Analysis,1
Denitrification,1
Nitrates,1
Forensic Pathology,1
Rain,1
Infant,1
Dairying,1
Action Potentials,1
Head Movements,1
Mechanoreceptors,1
Posture,1
Proprioception,1
Aerospace Medicine,1
Aircraft,1
Cognition Disorders,1
Confusion,1
Gravity Suits,1
Health Surveys,1
Hypergravity,1
Paresthesia,1
Vision Disorders,1
Georgia,1
Population Dynamics,1
Animal Migration,1
Cadaver,1
Competitive Behavior,1
Developing Countries,1
Europe,1
Travel,1
Escherichia coli O157,1
Afghanistan,1
"Leishmaniasis, Visceral",1
Juvenile Hormones,1
Lethal Dose 50,1
Nitriles,1
Permethrin,1
Pyridines,1
Regression Analysis,1
Triazines,1
